Go-ethereum,https://github.com/ethereum/go-ethereum
Awesome-blockchain-cn,https://github.com/chaozh/awesome-blockchain-cn
Bitcoinbook,https://github.com/bitcoinbook/bitcoinbook
Gun,https://github.com/amark/gun
Mist,https://github.com/ethereum/mist
Truffle,https://github.com/trufflesuite/truffle
Fabric,https://github.com/hyperledger/fabric
Solidity,https://github.com/ethereum/solidity
Parity,https://github.com/paritytech/parity
Naivechain,https://github.com/lhartikk/naivechain
Blockchain_guide,https://github.com/yeasy/blockchain_guide
Ethereumbook,https://github.com/ethereumbook/ethereumbook
Lbry,https://github.com/lbryio/lbry
Blockchain,https://github.com/dvf/blockchain
Ethlist,https://github.com/Scanate/EthList
Hyperledger,https://github.com/hyperledger/hyperledger
Rippled,https://github.com/ripple/rippled
Smart-contract-best-practices,https://github.com/ConsenSys/smart-contract-best-practices
Bitcore,https://github.com/bitpay/bitcore
Diesel,https://github.com/diesel-rs/diesel
Lnd,https://github.com/lightningnetwork/lnd
Sia,https://github.com/NebulousLabs/Sia
Bitcoinj,https://github.com/bitcoinj/bitcoinj
Bigchaindb,https://github.com/bigchaindb/bigchaindb
Cryptolist,https://github.com/coinpride/CryptoList
Blockchain-demo,https://github.com/anders94/blockchain-demo
Blockchain,https://github.com/LiuBoyu/blockchain
Quorum,https://github.com/jpmorganchase/quorum
Lisk,https://github.com/LiskHQ/lisk
Awesome-blockchains,https://github.com/openblockchains/awesome-blockchains
Status-react,https://github.com/status-im/status-react
Web2web,https://github.com/elendirx/web2web
Metamask-extension,https://github.com/MetaMask/metamask-extension
Copay,https://github.com/bitpay/copay
Blockchain-stuff,https://github.com/Xel/Blockchain-stuff
Embark,https://github.com/embark-framework/embark
Corda,https://github.com/corda/corda
Tendermint,https://github.com/tendermint/tendermint
Bitcoin-on-nodejs,https://github.com/imfly/bitcoin-on-nodejs
Web3j,https://github.com/web3j/web3j
Blockstack-core,https://github.com/blockstack/blockstack-core
Dnschain,https://github.com/okTurtles/dnschain
Chain,https://github.com/chain/chain
Blockchain_go,https://github.com/Jeiwan/blockchain_go
Ipynb_playground,https://github.com/julienr/ipynb_playground
Bitcoin-wallet,https://github.com/bitcoin-wallet/bitcoin-wallet
Steem,https://github.com/steemit/steem
Raiden,https://github.com/raiden-network/raiden
Blockshell,https://github.com/daxeel/blockshell
Composer,https://github.com/hyperledger/composer
Tezos,https://github.com/tezos/tezos
Manticore,https://github.com/trailofbits/manticore
Blockchain-tutorial,https://github.com/liuchengxu/blockchain-tutorial
Sovereign,https://github.com/DemocracyEarth/sovereign
Blockchain-papers,https://github.com/decrypto-org/blockchain-papers
Ico,https://github.com/TokenMarketNet/ico
Ganache,https://github.com/trufflesuite/ganache
Learn_blockchain_in_2_months,https://github.com/llSourcell/Learn_Blockchain_in_2_months
Blockchain-cli,https://github.com/seanjameshan/blockchain-cli
Simplecoin,https://github.com/cosme12/SimpleCoin
Blockstack-browser,https://github.com/blockstack/blockstack-browser
Gotham,https://github.com/gotham-rs/gotham
Neon-wallet,https://github.com/CityOfZion/neon-wallet
Web3.py,https://github.com/ethereum/web3.py
Insight,https://github.com/bitpay/insight
Core,https://github.com/nimiq-network/core
Iroha,https://github.com/hyperledger/iroha
Bytom,https://github.com/Bytom/bytom
Nanocoin,https://github.com/adjoint-io/nanocoin
Coco-framework,https://github.com/Azure/coco-framework
Mythril,https://github.com/ConsenSys/mythril
Bitcoin.org,https://github.com/bitcoin-dot-org/bitcoin.org
Trust-wallet-ios,https://github.com/TrustWallet/trust-wallet-ios
Iotex-core,https://github.com/iotexproject/iotex-core
Azure-blockchain-projects,https://github.com/Azure/azure-blockchain-projects
Filenation,https://github.com/FileNation/FileNation
Blocksci,https://github.com/citp/BlockSci
Lightning-rfc,https://github.com/lightningnetwork/lightning-rfc
Marbles,https://github.com/IBM-Blockchain/marbles
Blockchain,https://github.com/izqui/blockchain
Nethereum,https://github.com/Nethereum/Nethereum
Ebookcoin,https://github.com/Ebookcoin/ebookcoin
Porosity,https://github.com/comaeio/porosity
Go-genesis,https://github.com/GenesisKernel/go-genesis
Exonum,https://github.com/exonum/exonum
Eosjs,https://github.com/EOSIO/eosjs
Eclair,https://github.com/ACINQ/eclair
Naivecoin,https://github.com/conradoqg/naivecoin
Legion,https://github.com/aviaviavi/legion
Guides,https://github.com/pluralsight/guides
Dragonchain,https://github.com/dragonchain/dragonchain
Epoch,https://github.com/aeternity/epoch
Crackcoin,https://github.com/DutchGraa/crackcoin
Daisy,https://github.com/ivoras/daisy
Zilliqa,https://github.com/Zilliqa/Zilliqa
Awesome-blockchain,https://github.com/igorbarinov/awesome-blockchain
Elements,https://github.com/ElementsProject/elements
Blockchain-tutorial,https://github.com/mycoralhealth/blockchain-tutorial
Holochain-proto,https://github.com/holochain/holochain-proto
Blockchain,https://github.com/itheima1/BlockChain
Bitcoin,https://github.com/bitcoin/bitcoin
Ccxt,https://github.com/ccxt/ccxt
Zenbot,https://github.com/DeviaVir/zenbot
Lbry,https://github.com/lbryio/lbry
Blockchain,https://github.com/dvf/blockchain
Ethlist,https://github.com/Scanate/EthList
Monero,https://github.com/monero-project/monero
Rippled,https://github.com/ripple/rippled
Awesome-coins,https://github.com/kennethreitz/awesome-coins
Lnd,https://github.com/lightningnetwork/lnd
Cardano-sl,https://github.com/input-output-hk/cardano-sl
Tribeca,https://github.com/michaelgrosner/tribeca
Cryptolist,https://github.com/coinpride/CryptoList
Pyethereum,https://github.com/ethereum/pyethereum
Lisk,https://github.com/LiskHQ/lisk
Bisq-desktop,https://github.com/bisq-network/bisq-desktop
Status-react,https://github.com/status-im/status-react
Raiblocks,https://github.com/nanocurrency/raiblocks
Blockchain-stuff,https://github.com/Xel/Blockchain-stuff
Tendermint,https://github.com/tendermint/tendermint
Bitcoin-on-nodejs,https://github.com/imfly/bitcoin-on-nodejs
Xmrig,https://github.com/xmrig/xmrig
Bcoin,https://github.com/bcoin-org/bcoin
Coin-hive,https://github.com/cazala/coin-hive
Pytrader,https://github.com/owocki/pytrader
Blockchain_go,https://github.com/Jeiwan/blockchain_go
Coinmon,https://github.com/bichenkk/coinmon
Php-mpos,https://github.com/MPOS/php-mpos
Crypto-signal,https://github.com/CryptoSignal/crypto-signal
Verge,https://github.com/vergecurrency/VERGE
Krypto-trading-bot,https://github.com/ctubio/Krypto-trading-bot
Blockchain-tutorial,https://github.com/liuchengxu/blockchain-tutorial
Python-binance,https://github.com/sammchardy/python-binance
Catalyst,https://github.com/enigmampc/catalyst
Cryptocurrency-icons,https://github.com/hyperdexapp/cryptocurrency-icons
Blockchain-cli,https://github.com/seanjameshan/blockchain-cli
Simplecoin,https://github.com/cosme12/SimpleCoin
Qtum,https://github.com/qtumproject/qtum
Mikalendingbot,https://github.com/BitBotFactory/MikaLendingBot
Gocryptotrader,https://github.com/thrasher-/gocryptotrader
Coffeeminer,https://github.com/arnaucode/coffeeMiner
Binance-trader,https://github.com/yasinkuyu/binance-trader
Bitcoin.org,https://github.com/bitcoin-dot-org/bitcoin.org
Node-open-mining-portal,https://github.com/zone117x/node-open-mining-portal
Cryptocurrency,https://github.com/michaelliao/cryptocurrency
Lightning-rfc,https://github.com/lightningnetwork/lightning-rfc
Cryptocurrency-arbitrage,https://github.com/manu354/cryptocurrency-arbitrage
Cryptocoins,https://github.com/AllienWorks/cryptocoins
Gdax-tt,https://github.com/coinbase/gdax-tt
Ebookcoin,https://github.com/Ebookcoin/ebookcoin
Eclair,https://github.com/ACINQ/eclair
Naivecoin,https://github.com/conradoqg/naivecoin
Epoch,https://github.com/aeternity/epoch
Bitcoinexchangefh,https://github.com/Aurora-Team/BitcoinExchangeFH
Crackcoin,https://github.com/DutchGraa/crackcoin
Python-bittrex,https://github.com/ericsomdahl/python-bittrex
Bitcoin-trading-dca,https://github.com/0x13a/bitcoin-trading-dca
Lionshare-desktop,https://github.com/lionsharecapital/lionshare-desktop
Coiniumserv,https://github.com/bonesoul/CoiniumServ
Fooltrader,https://github.com/foolcage/fooltrader
Blockchain,https://github.com/itheima1/BlockChain
Cosmos,https://github.com/cosmos/cosmos
Python-poloniex,https://github.com/s4w3d0ff/python-poloniex
Crypto-trader,https://github.com/pirate/crypto-trader
Lightning-app,https://github.com/lightninglabs/lightning-app
Cryptocurrency_arbitrage,https://github.com/ericjang/cryptocurrency_arbitrage
Technicalindicators,https://github.com/anandanand84/technicalindicators
Blockchain,https://github.com/bellaj/Blockchain
Marketstore,https://github.com/alpacahq/marketstore
Daedalus,https://github.com/input-output-hk/daedalus
Alpha_vantage,https://github.com/RomelTorres/alpha_vantage
Cosmos-sdk,https://github.com/cosmos/cosmos-sdk
Cointop,https://github.com/miguelmota/cointop
Awesome-blockchain,https://github.com/imbaniac/awesome-blockchain
Asch,https://github.com/AschPlatform/asch
Scorex,https://github.com/ScorexFoundation/Scorex
Skycoin,https://github.com/skycoin/skycoin
Node-binance-api,https://github.com/jaggedsoft/node-binance-api
Status-go,https://github.com/status-im/status-go
Minerblock,https://github.com/xd4rker/MinerBlock
Cpuminer-multi,https://github.com/lucasjones/cpuminer-multi
Xmr-miner,https://github.com/bradoyler/xmr-miner
Blockchain-programming,https://github.com/digital-dreamer/blockchain-programming
Deeponion,https://github.com/deeponion/deeponion
Wavesgui,https://github.com/wavesplatform/WavesGUI
Bitshares-ui,https://github.com/bitshares/bitshares-ui
Cryptocurrency,https://github.com/kilimchoi/cryptocurrency
Atomicswap,https://github.com/decred/atomicswap
Donut,https://github.com/EtherbitHQ/donut
Ico-check,https://github.com/ico-check/ico-check
Wlox,https://github.com/wlox/wlox
Coin-hive-stratum,https://github.com/cazala/coin-hive-stratum
Python3-krakenex,https://github.com/veox/python3-krakenex
Lets-build-a-blockchain,https://github.com/Haseeb-Qureshi/lets-build-a-blockchain
Coincoin,https://github.com/robinmonjo/coincoin
Crypto-sheets,https://github.com/LesterCovax/crypto-sheets
Monero-gui,https://github.com/monero-project/monero-gui
Brainflayer,https://github.com/ryancdotorg/brainflayer
Profit-trailer-settings,https://github.com/CryptoGnome/Profit-Trailer-Settings
Crypto_vue,https://github.com/djirdehh/crypto_vue
